{"app":["/app-b4e45c6bdf2456e50bcd.js"],"component---src-pages-404-js":["/component---src-pages-404-js-67a41a529b8f59c5df58.js"],"component---src-pages-about-us-jsx":["/component---src-pages-about-us-jsx-1a41e0e7130f57372c85.js"],"component---src-pages-contact-jsx":["/component---src-pages-contact-jsx-49d4e1facd2f03c03adb.js"],"component---src-pages-home-js":["/component---src-pages-home-js-712bafa8cb0894a29f5b.js"],"component---src-pages-index-js":["/component---src-pages-index-js-492085c55e70e3119d2e.js"],"component---src-pages-product-detail-js":["/component---src-pages-product-detail-js-1cc7fbbd7548be5d81e3.js"],"component---src-pages-products-js":["/component---src-pages-products-js-73de8accd14148256692.js"]}