{"name":"build-javascript","namedChunkGroups":{"app":{"name":"app","assets":[{"name":"webpack-runtime-1c74c35a42c9a05afd50.js","size":4167},{"name":"styles.52d95afd37fed67e115d.css","size":29204},{"name":"framework-1883f5779e798c6534ff.js","size":140761},{"name":"app-b4e45c6bdf2456e50bcd.js","size":68499}],"filteredAssets":0,"assetsSize":242631,"filteredAuxiliaryAssets":3,"auxiliaryAssetsSize":609619},"component---src-pages-404-js":{"name":"component---src-pages-404-js","assets":[{"name":"component---src-pages-404-js-67a41a529b8f59c5df58.js","size":764}],"filteredAssets":0,"assetsSize":764,"filteredAuxiliaryAssets":1,"auxiliaryAssetsSize":1849},"component---src-pages-about-us-jsx":{"name":"component---src-pages-about-us-jsx","assets":[{"name":"9a5aeaf53bc48f51e7a5d34cd6a8b4ed59a818b2-b2abf7fbf81e2125e082.js","size":30681},{"name":"component---src-pages-about-us-jsx-1a41e0e7130f57372c85.js","size":2608}],"filteredAssets":0,"assetsSize":33289,"filteredAuxiliaryAssets":14,"auxiliaryAssetsSize":3553042},"component---src-pages-contact-jsx":{"name":"component---src-pages-contact-jsx","assets":[{"name":"9a5aeaf53bc48f51e7a5d34cd6a8b4ed59a818b2-b2abf7fbf81e2125e082.js","size":30681},{"name":"component---src-pages-contact-jsx-49d4e1facd2f03c03adb.js","size":5677}],"filteredAssets":0,"assetsSize":36358,"filteredAuxiliaryAssets":11,"auxiliaryAssetsSize":3453186},"component---src-pages-home-js":{"name":"component---src-pages-home-js","assets":[{"name":"component---src-pages-home-js-712bafa8cb0894a29f5b.js","size":11328}],"filteredAssets":0,"assetsSize":11328,"filteredAuxiliaryAssets":15,"auxiliaryAssetsSize":15035226},"component---src-pages-index-js":{"name":"component---src-pages-index-js","assets":[{"name":"styles.52d95afd37fed67e115d.css","size":29204},{"name":"9a5aeaf53bc48f51e7a5d34cd6a8b4ed59a818b2-b2abf7fbf81e2125e082.js","size":30681},{"name":"component---src-pages-index-js-492085c55e70e3119d2e.js","size":12552}],"filteredAssets":0,"assetsSize":72437,"filteredAuxiliaryAssets":24,"auxiliaryAssetsSize":16046376},"component---src-pages-product-detail-js":{"name":"component---src-pages-product-detail-js","assets":[{"name":"9a5aeaf53bc48f51e7a5d34cd6a8b4ed59a818b2-b2abf7fbf81e2125e082.js","size":30681},{"name":"component---src-pages-product-detail-js-1cc7fbbd7548be5d81e3.js","size":3414}],"filteredAssets":0,"assetsSize":34095,"filteredAuxiliaryAssets":14,"auxiliaryAssetsSize":3862136},"component---src-pages-products-js":{"name":"component---src-pages-products-js","assets":[{"name":"9a5aeaf53bc48f51e7a5d34cd6a8b4ed59a818b2-b2abf7fbf81e2125e082.js","size":30681},{"name":"component---src-pages-products-js-73de8accd14148256692.js","size":3031}],"filteredAssets":0,"assetsSize":33712,"filteredAuxiliaryAssets":17,"auxiliaryAssetsSize":3928152}},"assetsByChunkName":{"app":["webpack-runtime-1c74c35a42c9a05afd50.js","styles.52d95afd37fed67e115d.css","framework-1883f5779e798c6534ff.js","app-b4e45c6bdf2456e50bcd.js"],"component---src-pages-404-js":["component---src-pages-404-js-67a41a529b8f59c5df58.js"],"component---src-pages-about-us-jsx":["9a5aeaf53bc48f51e7a5d34cd6a8b4ed59a818b2-b2abf7fbf81e2125e082.js","component---src-pages-about-us-jsx-1a41e0e7130f57372c85.js"],"component---src-pages-contact-jsx":["9a5aeaf53bc48f51e7a5d34cd6a8b4ed59a818b2-b2abf7fbf81e2125e082.js","component---src-pages-contact-jsx-49d4e1facd2f03c03adb.js"],"component---src-pages-home-js":["component---src-pages-home-js-712bafa8cb0894a29f5b.js"],"component---src-pages-index-js":["styles.52d95afd37fed67e115d.css","9a5aeaf53bc48f51e7a5d34cd6a8b4ed59a818b2-b2abf7fbf81e2125e082.js","component---src-pages-index-js-492085c55e70e3119d2e.js"],"component---src-pages-product-detail-js":["9a5aeaf53bc48f51e7a5d34cd6a8b4ed59a818b2-b2abf7fbf81e2125e082.js","component---src-pages-product-detail-js-1cc7fbbd7548be5d81e3.js"],"component---src-pages-products-js":["9a5aeaf53bc48f51e7a5d34cd6a8b4ed59a818b2-b2abf7fbf81e2125e082.js","component---src-pages-products-js-73de8accd14148256692.js"]},"childAssetsByChunkName":{}}